{"options":{"check_for_updates":false,"comment":null,"compat_foreach":false,"compat_metadata":false,"compat_prototypes":false,"compat_wrappedjsobject":false,"compatopts_for_requires":true,"noframes":null,"override":{"merge_connects":true,"merge_excludes":true,"merge_includes":true,"merge_matches":true,"orig_connects":[],"orig_excludes":[],"orig_includes":[],"orig_matches":["http://localhost:3927/static/verses/*"],"orig_noframes":null,"orig_run_at":"document-idle","use_blockers":[],"use_connects":[],"use_excludes":[],"use_includes":[],"use_matches":[]},"run_at":"document-end","tab_types":null},"settings":{"enabled":true,"position":1},"meta":{"name":"dealWithBiblehubLocalization","uuid":"601fecc5-156f-4b06-8aef-3bbdbe5a6e55","modified":1644991495327}}